grad_norm,loss,loss_q0,loss_q1,loss_q2,loss_q3,lr,samples,step
84.45609810260152,17.263771057128906,36.84524608842023,7.297211282149604,9.170836914417363,12.76892638769675,0.0001,512,0
71.35227096024585,13.524094676971437,27.747990380572798,6.7573825681780635,8.56102669542759,11.741993792783378,0.0001,10752,20
67.63304985629695,11.624766063690188,24.50584630388649,5.553967604062105,6.982621309345659,9.587964501369674,0.0001,20992,40
62.63415420802455,10.015503835678102,22.980835941959025,4.312215108330313,5.493938534666368,7.445759982501751,0.0001,31232,60
55.399829058515365,7.993628478050233,19.32802309727996,3.24946550393744,4.162062911458085,5.649637497330329,0.0001,41472,80
46.072372808301374,5.607469165325166,12.846249488730573,2.3955134981101596,3.0354606815274114,4.15331621717367,0.0001,51712,100
39.32157266023086,3.989217150211334,9.015872816874388,1.7355744417272256,2.205952068431035,3.0089052576228403,0.0001,61952,120
34.84547949859738,3.3571375489234923,8.431765369112473,1.2375038321816196,1.5723710141704101,2.1203155520250916,0.0001,72192,140
31.108958340371736,3.7285476624965668,11.579437933829855,0.8583933805993292,1.0934347369379287,1.4889334834613097,0.0001,82432,160
22.594669583352214,2.270438235998154,6.825012767061612,0.5893213854008723,0.7546865508676853,1.011748109863507,0.0001,92672,180
20.67400026193887,2.2234841585159297,7.226729634761287,0.39938002561647756,0.5092544929611706,0.6924948757428905,0.0001,102912,200
16.177889040085347,1.720223143696785,5.748550468892401,0.2821051391889342,0.35603840910668905,0.4816543898820561,0.0001,113152,220
13.28826576206798,1.5076091811060905,5.372591624649349,0.1948508192536777,0.25460470880195213,0.34279599176006786,0.0001,123392,240
11.884696088089846,0.8535879313945769,2.7618190153176343,0.14929294737039223,0.18988705286093666,0.2574678542273398,0.0001,133632,260
9.029779000588821,1.3246716983616353,4.808885119936676,0.12009907321611715,0.15107563150048944,0.20638786213671842,0.0001,143872,280
9.353677761365576,1.6860768169164657,6.347606561994923,0.10261116703443297,0.13071984086630853,0.17363617486895044,0.0001,154112,300
4.8777782529422336,0.26394652202725416,0.7265550640756179,0.08898128227221855,0.10982580829437744,0.14963029256845403,0.0001,164352,320
5.573866317230953,0.8033808469772341,2.8531075883849697,0.08040089971227593,0.09895524159954269,0.1329068557216105,0.0001,174592,340
9.075549993286167,1.5939969867467876,6.263417772215999,0.07809563456203644,0.09365954724018875,0.1298870423822161,0.0001,184832,360
6.47507128723086,1.3741778731346128,5.166261190641048,0.07414462726571894,0.09319173536965784,0.13000281874633568,0.0001,195072,380
7.526713132664356,1.5281200177967549,5.7753978599107985,0.07099014462111067,0.08964011337403692,0.12062212028558646,0.0001,205312,400
6.955126737488518,1.3733258254826068,5.2898357195272645,0.06796436210318595,0.08433019240648805,0.11541236647033917,0.0001,215552,420
6.899694008212821,1.3310056082904342,5.053253265014968,0.06644676754658688,0.08449304741485444,0.11040891665820178,0.0001,225792,440
5.819760299062288,0.7632176354527475,2.8269283675772052,0.063200272306302,0.08004216932956391,0.11176786135050278,0.0001,236032,460
5.032290868302526,0.5996397666633129,2.136391803391673,0.06251265871145548,0.07867968066923775,0.1067163272989382,0.0001,246272,480
4.89792784368453,0.9093754380941393,3.3996238162217254,0.06113006764157253,0.07496874026791563,0.10478224384726811,0.0001,256512,500
6.3917065218341556,1.445919177681208,5.5749306161183485,0.060308672524356705,0.07740199611509153,0.10371095230483482,0.0001,266752,520
6.1992146598574625,1.1091993793845178,4.100729919195175,0.05872575689183597,0.07539435750555902,0.10023781646596289,0.0001,276992,540
6.566873887320877,1.4179966606199739,5.601579310929815,0.05982351979953593,0.07483516236632802,0.10257924164852111,0.0001,287232,560
4.700158326197418,1.0521633420139553,4.005949249629893,0.05752460087761275,0.07131524462123394,0.09915829393090997,0.0001,297472,580
4.385878292435519,0.8552201755344868,3.2514106011581334,0.055592175272183846,0.07126393505793933,0.09652866246465984,0.0001,307712,600
4.528739499936449,0.42555553205311303,1.44541450595443,0.05606454029261228,0.07173585724804193,0.09695035226031899,0.0001,317952,620
5.152320228185866,0.7422369521111248,2.756226281102706,0.05517892693322681,0.06800033885373988,0.09556585466409846,0.0001,328192,640
3.9169440018996786,0.7173091165721417,2.638661879736534,0.05425693634934128,0.06975916176805422,0.09396085042237691,0.0001,338432,660
5.751364474196424,1.3999046333134173,5.353103402071772,0.05495819326089413,0.06842916727113375,0.08971453541775073,0.0001,348672,680
5.515065221433303,1.2059348609298473,4.4564147763844915,0.05579324407974639,0.06942752822300477,0.09321278088140193,0.0001,358912,700
4.800006955761521,0.5771620102226734,2.102896596796901,0.05393942017224062,0.06974235948945795,0.09409470788927544,0.0001,369152,720
5.516646307417097,0.9133584480732679,3.4435482583812336,0.0543819799262171,0.06816887667249225,0.092043465711752,0.0001,379392,740
5.210965042235106,1.2207574982196092,4.576516618734265,0.052451724518650704,0.06451429062258217,0.09096946972739609,0.0001,389632,760
8.392681595522943,2.2096218556165694,8.534501908295573,0.05365519370591682,0.06621520541568965,0.0911877288356318,0.0001,399872,780
7.949119360263562,1.578044023364782,6.148140121337974,0.05592528121118239,0.06854050490129411,0.09462233806158764,0.0001,410112,800
5.397480963009237,1.042121182382107,3.8741951591383037,0.05699470205160089,0.07039451638541583,0.09560983796330033,0.0001,420352,820
5.136467492648318,0.6250031121075152,2.2981296003905314,0.051083212504244836,0.06732634585336615,0.0930076189554364,0.0001,430592,840
4.632223262274109,0.7269073188304902,2.713567137165261,0.05049996272315696,0.0634035367933145,0.09077255739991984,0.0001,440832,860
5.1179985085831055,0.8771582283079626,3.236658137480001,0.051468166404459795,0.06333837684176143,0.08731835976169493,0.0001,451072,880
6.1401842809613,1.8117804758250717,7.041176463145778,0.0501230883108372,0.06389243416552803,0.08637028850415218,0.0001,461312,900
4.501692543516405,1.1434877999126913,4.421662730551908,0.05103753081679061,0.06282257786227023,0.0884194188362551,0.0001,471552,920
5.201966122294601,1.033261225000024,3.9601055458125782,0.051269547822868834,0.062320529038763776,0.08489424886854097,0.0001,481792,940
5.139815520641735,1.295152788236737,5.00661411072681,0.04852941108238934,0.06296408152629487,0.08533381852012324,0.0001,492032,960
3.5250877550498547,0.6505844380706548,2.38522753233178,0.04866375329967524,0.05934784731368291,0.0834364129651122,0.0001,502272,980
9.860388199540697,1.6271198987960818,6.145101380909394,0.051254663076519054,0.06339482427332373,0.08749465103671002,0.0001,512512,1000
4.471897066697524,0.8488721903413532,3.292187122754977,0.0507448218338885,0.06451017093899837,0.08716463770728781,0.0001,522752,1020
5.208512562303288,1.057314390316606,4.0890398634319745,0.04906264497292695,0.06190320498858727,0.08270546743445176,0.0001,532992,1040
5.233064996681424,0.87829166688025,3.205035313229898,0.048308662953323527,0.05986700496231486,0.08103879417862549,0.0001,543232,1060
3.537675130678324,0.5213961932808161,1.9282003927485225,0.04907377958025587,0.0602189186576329,0.08245223003312553,0.0001,553472,1080
6.944584810057096,2.079688222706318,8.347226906882478,0.047475013604506476,0.06182115461523126,0.081750222023506,0.0001,563712,1100
4.598349249651804,0.7161936029791833,2.6047164181726408,0.04803893957962794,0.05857219071693496,0.08139033663714054,0.0001,573952,1120
5.136452969470059,1.322314644604921,5.1303096890281195,0.0470560359002587,0.0588205884854392,0.08214078744356643,0.0001,584192,1140
4.452929022684424,0.8666926190257073,3.2937687918678904,0.046715056269056046,0.05647635727351603,0.08290474547954993,0.0001,594432,1160
5.01334692552178,1.3251560579985382,5.048645960562632,0.04699879051401668,0.05979370739465271,0.08282589178353783,0.0001,604672,1180
5.090541199861245,1.037673224508762,3.8916013646814434,0.04718854047877263,0.05971982751014037,0.0802536017349566,0.0001,614912,1200
4.038691716540284,0.6950507082045078,2.6602996682975237,0.04604953462770435,0.05819398550133421,0.07891750375612391,0.0001,625152,1220
4.423946231525442,0.855323202162981,3.257525442310844,0.04673575048978247,0.05783043534198764,0.07816596052097712,0.0001,635392,1240
3.456382411341828,0.8124975457787514,3.0358261731075644,0.045676824819769084,0.05740140402005566,0.07730964215239129,0.0001,645632,1260
5.1280209149951155,1.2854183800518513,4.96304470213516,0.047696063357677725,0.05675812723551183,0.07949269792878819,0.0001,655872,1280
7.108717510208464,1.7801886826753617,6.972723676356864,0.046993576739902065,0.05933354558725276,0.08255096913414828,0.0001,666112,1300
4.92072251327544,1.0119116738438607,3.834154950453023,0.04575679599159819,0.0569353339528347,0.07805937005149072,0.0001,676352,1320
3.2166568933643545,0.4822761952877044,1.7764913398286297,0.045523101623132986,0.05520126764657762,0.07747548460626635,0.0001,686592,1340
5.0532242733851,1.0970657743513588,4.038640550382909,0.044998301589717245,0.056731397519922275,0.07798671884012291,0.0001,696832,1360
3.833575159377438,0.9149039749056099,3.4867149149189727,0.04431953502923402,0.05410453825306026,0.07549350421439238,0.0001,707072,1380
4.193845021639836,0.9460623245686293,3.6262380873333497,0.04163588843075555,0.053890238569085085,0.07222445899484081,0.0001,717312,1400
3.8464798893058765,0.6770778544247149,2.5940961101336213,0.04105574114027617,0.0536786647443253,0.07233127720312903,0.0001,727552,1420
5.36882660549775,1.1686221029609443,4.41028569604237,0.04106327094292891,0.05191623618422839,0.07088335414333707,0.0001,737792,1440
3.8397063574503196,0.421152215078473,1.5013526418608085,0.04132383533336482,0.05081925930668187,0.06874726643618692,0.0001,748032,1460
4.033451004337562,0.9735071226954458,3.7264753330347693,0.037493919563388746,0.047252657769000596,0.06302348950768033,0.0001,758272,1480
4.624892566395132,1.105316821485758,4.370690740585663,0.035424796386427246,0.04483735800106751,0.06173306619924331,0.0001,768512,1500
3.962367407501325,1.0460763566195965,4.062139785757248,0.03391219635779242,0.043919999300570174,0.060082432973400456,0.0001,778752,1520
5.898045746306002,0.9994234982877968,3.6939586554161608,0.03519875354383518,0.04340235594064296,0.058515601330204524,0.0001,788992,1540
4.437217004245415,0.8043739609420302,3.075711743555485,0.03295944808168686,0.039956791260745195,0.05551611131818549,0.0001,799232,1560
5.188497513686001,1.3637014988809826,5.347698449422652,0.02944060324549996,0.038181875503557325,0.052042819932394034,0.0001,809472,1580
4.55768109296058,0.784193343296647,3.031134183177818,0.03010333455345557,0.03661257530002925,0.050757468301565065,0.0001,819712,1600
4.859543869641915,0.6509623564779758,2.484726475820773,0.03113638831216229,0.03858451313212267,0.05142580473633566,0.0001,829952,1620
6.213693651788869,0.905776869133115,3.4824272712733677,0.028703513962615085,0.037809280289187376,0.05037847870387654,0.0001,840192,1640
5.8807212721314714,1.3939682815223933,5.541594997935003,0.029329846660278575,0.03554931607622136,0.05048528742359682,0.0001,850432,1660
5.6132192102820415,1.2383525621145963,4.849951432177368,0.029426788094823058,0.03629618697920337,0.05051667846074815,0.0001,860672,1680
3.646295994087002,0.4874365087598562,1.836902306386107,0.027654938336275383,0.03438410316690764,0.046406713645848176,0.0001,870912,1700
4.439589695944051,0.6362623389810322,2.468419926686823,0.02651120470897745,0.03321817115030797,0.045546339132040446,0.0001,881152,1720
5.481041757786692,1.0939239714294673,4.035757016204425,0.025689242829905635,0.03215754466543982,0.044730488802185,0.0001,891392,1740
4.5483332093312185,0.6332693587988615,2.465516415448249,0.025905782613363557,0.0312570917373197,0.043909791175673965,0.0001,901632,1760
5.666397041580549,0.6656303819268942,2.5433643418809346,0.026450121056594143,0.03316003141223978,0.046099697820987454,0.0001,911872,1780
6.775589426795524,1.4576445564627647,5.636780687585816,0.025386765341020436,0.0314480123967847,0.042837482179867936,0.0001,922112,1800
6.253790264813265,1.0036965247243643,3.8743207605384584,0.026320305417901334,0.032027984607976255,0.04485056354876667,0.0001,932352,1820
5.402022019318101,0.9404185213148594,3.6876945988960608,0.025610418840095475,0.032944632979830704,0.04471364840963062,0.0001,942592,1840
4.2168087753795245,0.7821106631308794,3.0203827926954365,0.024289891350981963,0.029841896856037612,0.040997711406507306,0.0001,952832,1860
3.567260787891579,0.7476913146674633,2.9616222596537667,0.02338936156454719,0.028843411010014437,0.0396418927604773,0.0001,963072,1880
5.168390481939379,1.3255787240341301,5.385288031544682,0.022611793191135442,0.028203082893659144,0.03953626439666043,0.0001,973312,1900
6.38730905942836,1.3526090469211338,5.207527177579011,0.023946876428793475,0.029035775818356258,0.04115763855008814,0.0001,983552,1920
5.500226147511602,0.9242487899959088,3.58753591245562,0.02307680410997786,0.028882690470755076,0.04068292032842689,0.0001,993792,1940
6.148189260138612,1.2457138523459435,4.875073511490733,0.023085138958590937,0.028702364043507813,0.04067520431796511,0.0001,1004032,1960
5.326111387335147,0.6424626296386122,2.5187573416247964,0.023750127957133802,0.028751773891674586,0.038533558311138735,0.0001,1014272,1980
6.651800074283012,1.615045148134231,6.569616209498254,0.023947585395671864,0.02901087402751715,0.03951876467011133,0.0001,1024512,2000
7.40489281778836,1.779409891739488,7.073439525229752,0.02315951986864363,0.02828619351874627,0.039187072920109284,0.0001,1034752,2020
6.112873109611425,0.7721601240336896,3.000774311761192,0.024609778715357217,0.03087545385255444,0.042337482037118776,0.0001,1044992,2040
5.317279962017269,1.1573375083506103,4.441475488357878,0.02184034961722794,0.027812290968520403,0.038024983368814096,0.0001,1055232,2060
7.036126305927127,1.4417118847370145,5.605719579590976,0.02293508165431291,0.028027866640933086,0.038360416482681445,0.0001,1065472,2080
8.299988568662052,1.3938257496803999,5.389058353230486,0.02508207514524424,0.030731767150165165,0.04265232513694947,0.0001,1075712,2100
6.4663581081707,1.2976117897778754,5.104566661424806,0.02175755162370926,0.028102960071038383,0.03800414025503095,0.0001,1085952,2120
7.332315130166616,0.8045002356171608,3.185346355735047,0.027458802707916917,0.03425828111521693,0.048134134903481854,0.0001,1096192,2140
5.716003257088517,1.0873245850205422,4.203408263118986,0.025681487719960216,0.03210379581926389,0.044046246457544694,0.0001,1106432,2160
4.351521335158134,0.6064532434567809,2.349165860113587,0.022346390642534304,0.02718930996306878,0.03965356454302157,0.0001,1116672,2180
5.321577989343269,0.8784415088593958,3.371033991133757,0.0208647347679521,0.025794123915720113,0.03744019341182413,0.0001,1126912,2200
4.935720922804736,0.6161007855087518,2.4011335653557033,0.022399074132017263,0.027503772336621546,0.03815905045153649,0.0001,1137152,2220
4.862770143945413,0.7504905894398689,2.8674577818301406,0.02057740087500563,0.024796367199026923,0.035882399513499204,0.0001,1147392,2240
4.869176460096468,0.559665663726628,2.1590151152414387,0.020506163401067232,0.024882877137684507,0.035566052413631054,0.0001,1157632,2260
5.184684764712737,0.6023958254605534,2.295023010361595,0.02112028391443192,0.0257373378437684,0.03652329686429661,0.0001,1167872,2280
4.1839503279078,0.5903551969677212,2.2200693278106165,0.020331546511876943,0.02539975657233102,0.034837781122163305,0.0001,1178112,2300
5.10049649218766,1.0926284912973643,4.376255885299903,0.019381179694609087,0.023238268734753088,0.033006462968804474,0.0001,1188352,2320
6.98954005359151,1.051911244727671,4.095716235137649,0.021118039923431788,0.02494779874391063,0.033927263237020985,0.0001,1198592,2340
5.601761383085864,0.9937163554131984,3.8818124207425235,0.02005312630295349,0.024186479736278754,0.033896995204720615,0.0001,1208832,2360
5.995534279553606,1.027651976421475,4.009133757042509,0.019535612685681,0.023957957022990466,0.033352700763655305,0.0001,1219072,2380
6.014467692665041,0.7271301295608282,2.786563654454961,0.021228179674686338,0.025799081241086316,0.03588172482368608,0.0001,1229312,2400
5.312837930351835,0.864876470528543,3.4505063925516555,0.01999635254638003,0.024436101254366814,0.0341903443895064,0.0001,1239552,2420
4.881043036076521,0.8239180281758307,3.249929445501223,0.018372947462861812,0.023236960511522985,0.031736678495771366,0.0001,1249792,2440
4.147457363224518,0.424601356126368,1.6301488600137821,0.018115755756007497,0.022109837483651234,0.03039751388132578,0.0001,1260032,2460
5.822053219652386,0.892150739952922,3.5537266526452633,0.017429069080105258,0.02194105404193529,0.03201517326274987,0.0001,1270272,2480
7.055600274529637,0.7333816811442375,2.747398767098865,0.019409592150806725,0.023449242093787147,0.03358678160490986,0.0001,1280512,2500
4.990382942073367,0.9498115284368396,3.7157042431793896,0.01865601191471985,0.023209355209505244,0.03163021264898101,0.0001,1290752,2520
5.284389112582304,0.8412163026630879,3.2572108710305128,0.017555133677104262,0.021654967452975966,0.030767858593804206,0.0001,1300992,2540
6.957672168400498,0.7380245791748167,2.7595570236854363,0.019513234031370938,0.023716444690279354,0.031839096038279606,0.0001,1311232,2560
6.085035447832928,1.1029729653149842,4.436362131390861,0.01883774734335005,0.023251677553273096,0.03192954101342917,0.0001,1321472,2580
4.635699715708278,0.7924273995682596,3.0806702562438826,0.017205492312571017,0.02089642819831123,0.02945929008978878,0.0001,1331712,2600
5.643755264126009,0.5649396698921918,2.14828429729636,0.017949155918892293,0.02230942045941076,0.030891641110698302,0.0001,1341952,2620
4.390672671339764,0.6614558044821024,2.6156928715952135,0.017848942590266093,0.022005385176887552,0.030016746238938463,0.0001,1352192,2640
7.514308228559315,1.2911966579034926,5.153550616084799,0.019492551316194776,0.024159950877774714,0.033880602085609446,0.0001,1362432,2660
5.128513213616269,0.7020461171865464,2.740310712344507,0.017719514607868133,0.022059913944738635,0.03156737404500171,0.0001,1372672,2680
6.283111060644584,0.9579492688179015,3.7936705404546966,0.016873325173601617,0.02061159467722199,0.02858384075798386,0.0001,1382912,2700
4.899627926727959,0.4645497232675552,1.7439343495934154,0.015973806280642672,0.02004177468348118,0.027702706631120698,0.0001,1393152,2720
3.5989043343400517,0.3677939102053641,1.4570024627736908,0.01575519290424322,0.018852568140719957,0.027192646081119577,0.0001,1403392,2740
5.225906461051078,0.6660318350419401,2.627272135766045,0.016868636439933235,0.02078262120441943,0.02769118034287721,0.0001,1413632,2760
6.115772364725395,0.6946587212383747,2.7205491292366273,0.016403501356065456,0.019893221519503797,0.02786702786959468,0.0001,1423872,2780
4.572321866146562,0.763009047880769,3.0087897619757866,0.015722750439455858,0.01943343735509031,0.02671488063905342,0.0001,1434112,2800
5.295695043689996,0.5186623563989998,2.0391231851191183,0.016607598149058874,0.019495730212409777,0.02721369008386445,0.0001,1444352,2820
4.149500233968144,0.5124366054311396,2.026808178957258,0.0160572108512273,0.019536019590349767,0.028173151358921268,0.0001,1454592,2840
5.361284754705281,0.89770444072783,3.4717067030078104,0.015902510591340957,0.019322023385440684,0.02698714706854162,0.0001,1464832,2860
6.083716471418182,0.45271066613495353,1.7749958328170012,0.016427773521642236,0.02008041689776812,0.02800670754923989,0.0001,1475072,2880
7.198089563173159,1.3072244865819813,5.072023740774182,0.016351905350091425,0.019733992684706336,0.027639535605900423,0.0001,1485312,2900
7.159409248364558,1.299597775191069,5.081461007561255,0.017452699948210807,0.02091103992152073,0.029131744338763952,0.0001,1495552,2920
4.994246697623852,0.7316776739433406,2.867192431832155,0.015856514110043924,0.01927186086727698,0.02668972966909018,0.0001,1505792,2940
6.480082582052981,0.8056451633572578,3.149516822079367,0.016620191972607543,0.02007729027245546,0.026880541555275698,0.0001,1516032,2960
6.37476496848969,1.1255400776863098,4.458983867311175,0.02084659589069502,0.026118673248029297,0.036151853255836384,0.0001,1526272,2980
5.159980486382003,0.5353858163580298,2.0501633653353317,0.01624280190219383,0.018939278170762013,0.026823057749923794,0.0001,1536512,3000
7.2255097842746565,0.6897064734250307,2.7572380336465483,0.016285693214444452,0.019870249332960548,0.02836999283045178,5e-05,1546752,3020
4.9886718578041425,0.9349774951115248,3.742762709904869,0.015792652919868477,0.01975891631444717,0.02569341082580215,5e-05,1556992,3040
6.621558883915332,0.922958391904831,3.6522153341502883,0.017551359944015948,0.020846562390929028,0.029281368565130878,5e-05,1567232,3060
6.532068097359056,0.7349200803786515,2.845100380244865,0.015373456120399804,0.01843350312984949,0.026622159185078664,5e-05,1577472,3080
5.860687001377282,0.6634364105761053,2.549230749132118,0.015381966963322408,0.01890894469574536,0.026495849672322713,5e-05,1587712,3100
7.181192839538416,1.4730437241494658,5.8141674310465215,0.014670643526028008,0.017758766056067857,0.025031004994526703,5e-05,1597952,3120
6.317875817758805,0.9811325842514635,3.845086670806428,0.015534384623928787,0.018428869437818546,0.025997327352178655,5e-05,1608192,3140
4.232539682792344,0.39218998644500963,1.5244044906016982,0.013847000331522726,0.01634017891391842,0.023117996276533482,5e-05,1618432,3160
3.7729525463894307,0.36806444227695456,1.4456059788576352,0.014098214150652252,0.01687241041362498,0.023618826808394777,5e-05,1628672,3180
4.425681851096916,0.48742936607450227,1.9213814328766945,0.013760488241926515,0.016226954819089912,0.022832967483599156,5e-05,1638912,3200
5.2219118958994795,0.8369078902527688,3.3780518409815117,0.01322396278541182,0.015688511691765945,0.02205539388538026,5e-05,1649152,3220
5.4991480514148146,0.7033354829996824,2.908406790325021,0.013340542096842965,0.016214937932855573,0.022187101318526217,5e-05,1659392,3240
6.161322988526753,0.8581006688997151,3.3986832893412218,0.013379528532875815,0.016297353628836574,0.022381513467545223,5e-05,1669632,3260
5.3936932405023175,0.49103454444557454,1.8936348991305514,0.013880799955424515,0.016354456854303045,0.023937311908964226,5e-05,1679872,3280
6.966443070636555,0.4257610078901053,1.6513015542152256,0.01623325194365726,0.019264587738576967,0.027320627461999973,5e-05,1690112,3300
4.742409646971753,0.7992440283298492,3.170884467322317,0.01395809830020453,0.016700413312064056,0.022644482529011547,5e-05,1700352,3320
6.2686754338149715,0.9754967403598128,3.8679529366151386,0.013435482594947581,0.01625852429758163,0.02230282802778624,5e-05,1710592,3340
5.2221367171793185,0.6911033170297742,2.71902130535361,0.013340011184690893,0.01610109934077882,0.02233800565950842,5e-05,1720832,3360
6.565261079268704,0.6526784645393493,2.5714474898466597,0.013977460327118437,0.01718932828595086,0.023366565746027315,5e-05,1731072,3380
6.562720189031015,0.9523331515491009,3.6672075777129964,0.013729013797895243,0.016237258716730478,0.022193013913314047,5e-05,1741312,3400
6.423590775207163,0.9218560062348843,3.70332387208637,0.013495035549017414,0.016045320861420947,0.022168711141194796,5e-05,1751552,3420
5.162945187952312,0.7153192250058054,2.8032877078687286,0.01288782633794564,0.015722955218818738,0.021959439081892868,5e-05,1761792,3440
6.359303062929438,0.9083039473742248,3.5782101696035644,0.013664564559812927,0.016227678571081757,0.022418662534861262,5e-05,1772032,3460
6.245087344002269,0.9465901518240575,3.7479504473598086,0.013265201727493472,0.015531852199329163,0.021366523031749133,5e-05,1782272,3480
5.5571460958281,0.3348643487319351,1.273345484431927,0.013031348068681043,0.01606538283914049,0.022114640117872304,5e-05,1792512,3500
7.009239657838651,0.8396517071872952,3.227034889854055,0.01305477895979286,0.016086498075752412,0.022325177625547282,5e-05,1802752,3520
4.515414074920845,0.4524344582110644,1.736266604320352,0.013429748624030376,0.015843934385944818,0.022390704470793568,5e-05,1812992,3540
7.295847001781645,1.2461287207901477,4.88284299158514,0.013020842663141921,0.015782347571568014,0.021525888500241425,5e-05,1823232,3560
6.002667948874653,0.6176806071773171,2.3657443257218445,0.013510655005298324,0.016585761255384305,0.022863649293528906,5e-05,1833472,3580
3.981968337564139,0.4407878771424292,1.710284234855466,0.012861308996590248,0.015747396713344408,0.02156980845525031,5e-05,1843712,3600
3.5117387275915455,0.5314237145707011,2.08757273186942,0.012301772815617033,0.014296463806247781,0.020406880414346587,5e-05,1853952,3620
4.228425970805309,0.4675362428650258,1.852976150301434,0.012120694175526405,0.014665773111563559,0.019922138561366782,5e-05,1864192,3640
9.223329679232716,1.4777581885457038,5.911696452720417,0.012434360895370603,0.014841950022404116,0.02033880236870004,5e-05,1874432,3660
7.00222183554935,0.4750312365591527,1.9210598338727816,0.0128073800720296,0.014985019512144964,0.021922322723988627,5e-05,1884672,3680
6.243676034429379,0.47478428073227397,1.8692350064319998,0.013624669238634935,0.016006373331794967,0.023453631221054923,5e-05,1894912,3700
5.442201681068645,0.7808964518830179,3.0922578003758305,0.013160335504078637,0.015756416216078057,0.021529451198163633,5e-05,1905152,3720
8.164374735385872,1.1421788638457655,4.540907947745867,0.012378847703155834,0.014958044451478088,0.021330761920578627,5e-05,1915392,3740
6.050450625970302,0.686443324200809,2.691628130348021,0.013416614442053453,0.016400539209537945,0.022303587188543018,5e-05,1925632,3760
6.867930875828511,0.890671644359827,3.492876248758267,0.013821484793604455,0.0166597000896916,0.02280822485036728,5e-05,1935872,3780
7.469179448815325,1.0712137244641782,4.22919919072482,0.01220951224831679,0.01454987391475788,0.020612483897275557,5e-05,1946112,3800
7.251280872322582,0.7950607016682625,3.065894688019835,0.012698242757258582,0.015425169358502928,0.020775374953286404,5e-05,1956352,3820
5.142288102858296,0.6511028235778211,2.503817465767958,0.011897906547197268,0.014559408462095247,0.01975249376370802,5e-05,1966592,3840
6.400841334606091,0.7537193404510619,3.025852633869388,0.012182663628042429,0.014248524036151016,0.02019772579332871,5e-05,1976832,3860
4.735693719849276,0.44044775068759917,1.758997041882743,0.012324480823385319,0.01472450501946962,0.020600918702475757,5e-05,1987072,3880
7.399595478615957,0.6973217764869334,2.750347425218907,0.012717283455974093,0.015298038100325248,0.020624696243571952,5e-05,1997312,3900
6.645023010309372,0.7824046673253179,2.989904421289539,0.012429579072514704,0.01493665398681025,0.020496350778925337,5e-05,2007552,3920
6.86452803005208,0.759001236408949,3.0402640660321176,0.012739657680995947,0.015088656803851857,0.020961961238848123,5e-05,2017792,3940
5.530031232501969,0.5535247588530182,2.162944788220575,0.012392280783895744,0.014869033733609656,0.020553272671047722,5e-05,2028032,3960
6.304419656358941,0.7305755207315089,2.8977703372246264,0.011470507660176646,0.013885604395399995,0.019418158407987326,5e-05,2038272,3980
6.433357606732296,0.741633056662977,2.9432105863655726,0.011806855738910656,0.014018917597856721,0.020315922936964013,5e-05,2048512,4000
5.284123185849279,0.44739617481827726,1.7477206572319153,0.011313147802030271,0.013640121175501263,0.01886362499962701,5e-05,2058752,4020
5.7105589683663025,0.6337573440745472,2.5236473194285187,0.011605404342228693,0.014131032687169556,0.018858499016406478,5e-05,2068992,4040
6.212055384882598,0.8047543302178384,3.2075694572770086,0.011983553977805338,0.014353045364054778,0.020019791158259685,5e-05,2079232,4060
6.098791208563173,0.5308625722303988,2.041437393155897,0.011704499903920846,0.014501580871257082,0.02018834365785366,5e-05,2089472,4080
6.032048361821416,0.4529066989198326,1.7991228486760402,0.011721700872911914,0.01411549693748823,0.019344147181534415,5e-05,2099712,4100
3.97235590381295,0.3867678441107273,1.473121232556031,0.011462662183141141,0.013708633604626413,0.01936209478764592,5e-05,2109952,4120
6.011075027167824,0.5193209640681744,2.011030195611334,0.011286856326165943,0.013498140249856865,0.018942578769608493,5e-05,2120192,4140
6.307684302398084,0.589533063583076,2.300752980049565,0.011652893258113957,0.013614951945248435,0.018798224598034975,5e-05,2130432,4160
5.145646477751162,0.4401059735566378,1.7034634439787242,0.011438351867788625,0.013650982982647879,0.01874141682283422,5e-05,2140672,4180
8.839783561537965,0.591063039936125,2.3646829601534436,0.011406008745628176,0.01347192425975947,0.018775070996261214,5e-05,2150912,4200
6.117242839116439,0.5162099314853549,2.058329641396256,0.012751523486483814,0.015241544852700881,0.021452041164957452,5e-05,2161152,4220
7.466348909160797,0.6784323683008554,2.7170193148645527,0.011214859211162106,0.013385377614221594,0.018681142241557647,5e-05,2171392,4240
7.291597341779511,0.7524198554456237,2.9945396754828937,0.011590447338396925,0.01396851341876317,0.01986594697089013,5e-05,2181632,4260
8.665000455486243,0.8461669832468033,3.3210195541528287,0.011445327433930596,0.014002506806527999,0.018790386008659322,5e-05,2191872,4280
5.7139072090018255,0.7803447723388672,3.056290329210718,0.01130888071461178,0.013097637391802036,0.01916884172641828,5e-05,2202112,4300
6.690604357330422,0.8049860805273055,3.177698209169646,0.01155758580017426,0.013563411590695684,0.019478073930009568,5e-05,2212352,4320
4.641919723310959,0.29821183644235133,1.1536875129575224,0.01080508802273922,0.013103279622068776,0.018225284325249353,5e-05,2222592,4340
6.969222233176465,0.9332564266398549,3.6303138842862093,0.01087725667232207,0.012774766214803052,0.018400642039018904,5e-05,2232832,4360
5.631610056980427,0.4947674585506321,1.9025156509989645,0.010699296121213092,0.012714283446900607,0.017646657134694755,5e-05,2243072,4380
5.0508532804342545,0.2330148831009865,0.8905856953713653,0.010851657256623664,0.013109008537719777,0.017911211749577816,5e-05,2253312,4400
7.13444455710241,0.7870844144374133,3.1695813749619686,0.010740587730119986,0.012973090315594018,0.017977252599310645,5e-05,2263552,4420
8.238548048595623,0.908589106053114,3.6538834174445785,0.011230258905432694,0.013107255094698808,0.01869020215507013,5e-05,2273792,4440
8.142296443969558,0.9439713448286057,3.7363547409374522,0.011030146524428302,0.013364823150708615,0.018069547384676258,5e-05,2284032,4460
5.5971566512067605,0.41054776720702635,1.5797094155583846,0.010353574900814332,0.012343583810874699,0.01701931422594379,5e-05,2294272,4480
5.688700817151795,0.3157011056318879,1.223970882868085,0.01023679829860252,0.012107727430845988,0.016979262521272104,5e-05,2304512,4500
7.568979278562989,0.6877657160162924,2.73698130996468,0.01072470994896292,0.013311522517148424,0.0177987292092031,5e-05,2314752,4520
6.895839375349999,0.575361916422844,2.251535955789716,0.010075504959965625,0.012465400749258681,0.016992843454903008,5e-05,2324992,4540
6.9441449253479695,0.5285180222243071,2.1100055607392743,0.01084773523014106,0.013616222358523283,0.018010445089361334,5e-05,2335232,4560
6.781906582345995,0.6582400796934964,2.608236747919654,0.010877180738118846,0.013058458585532605,0.01799220261827177,5e-05,2345472,4580
8.982396649518595,0.8776695240288972,3.5803011655323,0.010836871605785869,0.013082520345251133,0.01809757719694115,5e-05,2355712,4600
6.577624705073655,0.6587793918326498,2.6064682128964094,0.010535116031571309,0.012543403991198354,0.017916674739467342,5e-05,2365952,4620
7.306848003006579,0.763155367784202,2.9139902443659516,0.010305072662285527,0.01228458044469394,0.017561400465606093,5e-05,2376192,4640
9.028543908836422,0.43366568684577933,1.6573466404008121,0.011305051089874512,0.013668259429633478,0.01895339951823807,5e-05,2386432,4660
7.952831642333908,0.6678888816386461,2.6548076528353035,0.013631321557481835,0.015913295977575917,0.02123185369448322,5e-05,2396672,4680
6.577426935206818,0.49098732229322195,1.8728281016358885,0.012454074539576802,0.014380461540898892,0.02006588970505072,5e-05,2406912,4700
5.773813752516907,0.6284972768276931,2.5112238166966474,0.011015418253159735,0.012906869650530098,0.017930445673924725,5e-05,2417152,4720
4.726787631614578,0.43532494027167556,1.6804783413333204,0.010342642657481438,0.012160960578401114,0.016980898000405854,5e-05,2427392,4740
6.405746817871474,0.6790659515187146,2.7034365845318704,0.010448078183625913,0.011825187607339275,0.016697168955455314,5e-05,2437632,4760
6.61890415447519,0.541006855480373,2.154607350399036,0.010969529899782473,0.013031733304766648,0.017783977701226444,5e-05,2447872,4780
7.706374355451654,0.6300592908635736,2.4840942942035933,0.010981119473193463,0.012903740460685667,0.018030818537135358,5e-05,2458112,4800
6.478566576000702,0.40376870743930343,1.5944432790907448,0.010347938464526876,0.011913696174867745,0.017605904655496406,5e-05,2468352,4820
6.306002947238515,0.4796998400241137,1.9254054266648404,0.010023665168940524,0.011820759529787445,0.0163097491374866,5e-05,2478592,4840
6.121439925071857,0.5338548028841616,2.135494848646567,0.010154915593942694,0.012127815456582307,0.01657715188228187,5e-05,2488832,4860
6.693039363699962,0.5849439453333616,2.3319099955264537,0.010425072975520104,0.01255387754158632,0.01747425677701285,5e-05,2499072,4880
5.485948326596443,0.40177497239783405,1.5830472935560738,0.010132286031386597,0.01196619901776956,0.0164950234086694,5e-05,2509312,4900
5.159466744052627,0.34911299431696535,1.3818153566540359,0.009693410058889658,0.011428521996106744,0.01602623091022803,5e-05,2519552,4920
7.464762420378233,0.6141301890835166,2.4447596607718065,0.009743183641117639,0.01154815254494857,0.016039824027658103,5e-05,2529792,4940
6.209454647724624,0.39310461692512033,1.5413188340150006,0.010247015337604531,0.01209124582488482,0.01654029651068645,5e-05,2540032,4960
5.9789066613677155,0.5188910868018866,2.1060913760735125,0.009701487372379747,0.011489610837857841,0.01625490256176311,5e-05,2550272,4980
9.002912733946145,0.6104631064459681,2.3583612359295225,0.010034294345102482,0.012009905466486564,0.016505685821139256,5e-05,2560512,5000
7.81865505058688,0.5218251364305616,2.027337025618814,0.011973374463987333,0.013913412488101788,0.019180641193438777,5e-05,2570752,5020
6.202093855922267,0.4922286178916693,1.942907745212826,0.010804159889479276,0.012726396477712409,0.01823089109000145,5e-05,2580992,5040
5.046892622298769,0.31424926519393925,1.2319170400604837,0.01007241999173005,0.011964325951888559,0.016796431715198398,5e-05,2591232,5060
8.027561923158018,0.7210157614201307,2.7487588545360166,0.01026977558433498,0.01215465405836093,0.016813237459553407,5e-05,2601472,5080
8.70257853265878,0.7362230217084289,2.909827862717267,0.011005904993467541,0.013110937206782526,0.01791808477248012,5e-05,2611712,5100
7.694981491077614,0.6563684146851302,2.5259778324864683,0.010544368828330122,0.012653344401053292,0.017544921541393744,5e-05,2621952,5120
6.6798181062688045,0.42874864228069803,1.6639594302447718,0.010034258623218694,0.01178800569104364,0.016258057129018084,5e-05,2632192,5140
8.772401358464773,0.7316984582692385,2.8663407131067493,0.009666118761794058,0.011480095711278233,0.015887689576182362,5e-05,2642432,5160
7.948138839117789,0.7687778756022454,3.080731384984916,0.009825537699755986,0.011528232560994101,0.01621135712915812,5e-05,2652672,5180
10.416136780936275,1.0631950566545127,4.210146135855854,0.010803495803789562,0.012827199008271116,0.017250162579852027,5e-05,2662912,5200
10.140119354451778,0.7570877680554986,2.96188476812426,0.01079727239799767,0.012715455098020804,0.01749961131704706,5e-05,2673152,5220
8.07835569221348,0.5951250895857814,2.3134369455494954,0.010346335707610179,0.012114213997716282,0.016688912350852413,5e-05,2683392,5240
6.246948975394341,0.3047313678078353,1.171893665617333,0.01065890944971426,0.012471829003301906,0.01761292364823593,5e-05,2693632,5260
6.413054205468874,0.25869770850986235,1.0129702012893058,0.010218337036057753,0.01186223309999418,0.016737534093579726,5e-05,2703872,5280
8.12043404315381,0.6646196916699408,2.551207310366836,0.009795676248012135,0.01121237498251122,0.015895874069194786,5e-05,2714112,5300
9.660685618759631,0.7219997325912119,2.8751149116773043,0.009894767758960732,0.011480906810181593,0.016131203006236054,5e-05,2724352,5320
8.6609821954205,0.44495071787387136,1.7136185101157915,0.010046030350910309,0.011417309976130045,0.01612560961142345,5e-05,2734592,5340
7.245573287929986,0.5140579191967845,2.01986081067668,0.01005099459423269,0.011684236364500033,0.01626011985864102,5e-05,2744832,5360
8.534716484799109,0.6180257856845857,2.432838654721179,0.009561228796529788,0.01122866903736803,0.01565667984571601,5e-05,2755072,5380
5.961076857680807,0.36402025651186704,1.3815017966470429,0.009246253755111643,0.011001265592276535,0.015285303757945554,5e-05,2765312,5400
5.106465666390911,0.3321411358192565,1.2613967887079398,0.009419948044016411,0.011089555723641056,0.015951384845738832,5e-05,2775552,5420
5.409074068662694,0.4004022773355246,1.5957486984704843,0.00919953521926629,0.010955682534531457,0.015471146110349962,5e-05,2785792,5440
7.738363134282636,0.5191723749041558,2.022336022018652,0.009082699165585916,0.010787032863596337,0.014766209737741811,5e-05,2796032,5460
8.307492581394106,0.6475962061434984,2.5814956865630276,0.009243695528152593,0.010741449420006198,0.014939594281848776,5e-05,2806272,5480
8.57184789905848,0.6664333269000055,2.690300982317754,0.009796662806218973,0.01150333393351597,0.01591014275949423,5e-05,2816512,5500
5.851169188502292,0.34810687843710186,1.3853054671235494,0.009417250596456962,0.01099920710688029,0.015275567413801176,5e-05,2826752,5520
5.509430286782929,0.3197907721623778,1.2169401812110283,0.009149772701799501,0.010716725815775503,0.015185850378936683,5e-05,2836992,5540
9.917272552571633,0.701383528672159,2.8079608065864665,0.008989083478528294,0.010877202587345472,0.014715918538602659,5e-05,2847232,5560
6.547732125176783,0.37964801602065573,1.4403085346420612,0.009619514289315028,0.011549174581323908,0.0157051231109315,5e-05,2857472,5580
5.059223423512929,0.35970345102250567,1.3950524846300307,0.008964305558964896,0.01061151633934901,0.014801133238765418,5e-05,2867712,5600
5.458592424867056,0.3712943989783526,1.4432151426657784,0.00904977682122262,0.010570795616020805,0.014635443138657203,5e-05,2877952,5620
6.376576133232188,0.3346859017387032,1.2928147700583856,0.009030856613466571,0.010443215694491527,0.014572276838868857,5e-05,2888192,5640
7.604144510051845,0.682240123860538,2.7335284958250727,0.008831031785745921,0.010413048162884896,0.014307098875938758,5e-05,2898432,5660
6.116814956361308,0.5375550182536245,2.1660978025862927,0.009126691978177556,0.010664154166457848,0.014869450097947379,5e-05,2908672,5680
8.47834225416038,0.6009529432281849,2.357084042682832,0.009679488584417648,0.011335771811087565,0.015635658433379062,5e-05,2918912,5700
8.796474584631284,0.5315739590674639,2.0746344244416344,0.009338810650976892,0.011139267342705449,0.015694456393149012,5e-05,2929152,5720
6.272833525822468,0.37833497822284695,1.5139208906708723,0.009578154150983535,0.011338135745515758,0.015395188111082326,5e-05,2939392,5740
7.109553424892529,0.5361245291307567,2.0965157843336657,0.009323357687694806,0.01071122910115831,0.014944934470135337,5e-05,2949632,5760
7.598593389321774,0.46756737120449543,1.8754533948205723,0.00925453004875205,0.010951251846162375,0.01546203790589873,5e-05,2959872,5780
7.633897252718428,0.3401894997805356,1.3111843521636644,0.009149638965957559,0.0105030701720605,0.014749582417194408,5e-05,2970112,5800
6.468645740664506,0.4972813405096531,1.9728329742034023,0.00889578965643157,0.010268935698208666,0.014736536477428841,5e-05,2980352,5820
5.823693534091697,0.3147225625813007,1.213014386669743,0.008874589581289826,0.010429707134222628,0.014168904802517783,5e-05,2990592,5840
7.576706956527992,0.4483933737501502,1.7646661537269817,0.008632706215669288,0.01028399065744647,0.014162269411952717,5e-05,3000832,5860
8.475845496415083,0.7152897235006097,2.8231927686511606,0.009397736750993622,0.011138308347101175,0.015254171953438558,5e-05,3011072,5880
8.484096502785315,0.5270667184144258,2.085885017675202,0.00972322439962087,0.011227159893358587,0.01586578024539266,5e-05,3021312,5900
8.05906999484095,0.5073949616402388,2.0192741604177633,0.009463438397174641,0.011304629826810277,0.01537901914656857,5e-05,3031552,5920
5.67570494956642,0.19513384252786636,0.7310048670317646,0.009145091787794653,0.010494100820953745,0.014946240304056045,5e-05,3041792,5940
9.182970830923495,0.5717063380405304,2.2675520452689404,0.008679535940119169,0.01035101185986161,0.014390321705952176,5e-05,3052032,5960
7.73094120550036,0.5188587771728636,2.0041943281379027,0.008939433353971168,0.010444355441778706,0.014493843210462569,5e-05,3062272,5980
7.441052633528307,0.4487449299544096,1.7928986209520652,0.008987793029688709,0.010570659026163259,0.014475157293120204,5e-05,3072512,6000
9.585233324970647,0.6641713535413145,2.6648918742386885,0.009858477884922015,0.01135664912449679,0.01623433207496483,5e-05,3082752,6020
8.8927663350244,0.6476170271635056,2.5671245227555115,0.00952992722232696,0.01135846045531558,0.015403984702950946,5e-05,3092992,6040
7.716932556363809,0.4976667849346995,1.9728823842530228,0.008800229765445974,0.010143350866728748,0.014206186849792048,5e-05,3103232,6060
5.573212350381198,0.1835410414263606,0.701442168728216,0.008854337397529421,0.010452910402043825,0.014433989430894514,5e-05,3113472,6080
8.007066131563615,0.597136003151536,2.389696085387213,0.008670472340726454,0.010208230710823359,0.014075319544987426,5e-05,3123712,6100
7.996830670223458,0.480602464824915,1.9208678117238,0.008843493129376767,0.010297757593367304,0.014613667785662556,5e-05,3133952,6120
8.11372091642459,0.44585783462971446,1.7366147980294837,0.009035719825958386,0.01041925472368941,0.015159283700456105,5e-05,3144192,6140
5.831535122085345,0.30659274365752937,1.2071284034369039,0.009218124118893903,0.010817082288424314,0.014668720388623659,5e-05,3154432,6160
6.564245857664559,0.3669172374531626,1.4225695336919388,0.008593202361600548,0.010205289038761237,0.013793806803233407,5e-05,3164672,6180
6.639378815963095,0.32469473294913764,1.2965724007192967,0.008913180390225008,0.01026798084996756,0.014586841575572374,5e-05,3174912,6200
6.941609555669188,0.25307443998754026,0.9883800503534629,0.008580396267928449,0.010134862844577782,0.013933105434860408,5e-05,3185152,6220
8.337604336824551,0.39271912956610316,1.5091918063198937,0.009083017003759452,0.010674791336583484,0.014506951051761951,5e-05,3195392,6240
7.072129926016024,0.338057467341423,1.297275965076731,0.009550869866328774,0.011287620997901439,0.015425838753952972,5e-05,3205632,6260
7.478370853242674,0.33961441172286877,1.3412608459421904,0.008583293925101902,0.009769382891590796,0.013983100205916508,5e-05,3215872,6280
5.50929837158864,0.2816720580682159,1.0976153255151173,0.008712564139462413,0.010131210290558341,0.014144114818021912,5e-05,3226112,6300
4.142123283853076,0.2049878491088748,0.7887778304305777,0.008077394585706827,0.009393620850386631,0.012876054746996718,5e-05,3236352,6320
6.407032845662691,0.3397586019709706,1.3194253345672513,0.007939316163741928,0.009386989181822396,0.013050923786205157,5e-05,3246592,6340
4.787703910831504,0.3487731337547302,1.3673297607234238,0.008085756955867322,0.009386701691723674,0.012943658289228296,5e-05,3256832,6360
6.786246797820735,0.4659065494313833,1.8495931858090342,0.00802659602406633,0.009378700009040765,0.013088995178751131,5e-05,3267072,6380
6.095116426246697,0.3349218025803566,1.2934905773762746,0.008100036248165078,0.009496537519600345,0.013133174269450794,5e-05,3277312,6400
6.015903399271275,0.36621950846165435,1.4221363584972824,0.008170098318633363,0.009513012881691619,0.013395788935380732,5e-05,3287552,6420
5.454388963949876,0.2181595141068101,0.8448630733742364,0.008181551013085653,0.009393945194081342,0.013424693215906362,5e-05,3297792,6440
7.17986980019628,0.32357894629240025,1.2192643918968624,0.008741156964381156,0.009940939591059343,0.013832371911395483,5e-05,3308032,6460
7.893267960313365,0.4039417130872608,1.599633444121659,0.010263084343412708,0.012119595184112385,0.0169070448832205,5e-05,3318272,6480
8.372283841205112,0.4751945177093148,1.8461884076779176,0.009459854783435613,0.011321479778406644,0.015863072210716627,5e-05,3328512,6500
8.293860455512524,0.4362261397764087,1.6913851200600836,0.0091997707672322,0.01052256496593863,0.014762845666154299,5e-05,3338752,6520
7.671809256763346,0.2630721889436245,1.0366787236007677,0.008673465009424185,0.010284918986964554,0.014219157003822296,5e-05,3348992,6540
6.44819746233835,0.306385918520391,1.2101612610805417,0.008029539336262454,0.009371772947055958,0.012871526954296492,5e-05,3359232,6560
5.896367869685667,0.25623908191919315,1.0135243317141922,0.007791532428490151,0.008856359278431725,0.012481498488982104,5e-05,3369472,6580
8.095571314832863,0.5361578674055635,2.1082556761443643,0.00798740177952612,0.009178783368626004,0.012727781650754071,5e-05,3379712,6600
6.945302365790229,0.39024808816611767,1.5266336738008477,0.008212095647384864,0.00956669878990085,0.013557053488300832,5e-05,3389952,6620
5.635034601235952,0.3777242451906204,1.4585581462955044,0.0081021282324829,0.009340287864435139,0.013284571564712045,5e-05,3400192,6640
7.790063523825879,0.4302274636924267,1.6753705424294847,0.008005523587595648,0.009234188112587981,0.012659274168387847,5e-05,3410432,6660
7.903298698413662,0.353191994689405,1.3951645856090518,0.00865426903507573,0.010000358623691205,0.014016342456411396,5e-05,3420672,6680
6.518543578363536,0.16947895064949986,0.6565459926581022,0.007826453497161016,0.009031145487767999,0.012724618925495916,5e-05,3430912,6700
10.724148945660831,0.4140012541785836,1.6277823379119958,0.009626854619458955,0.011250627922457243,0.01568654549404491,5e-05,3441152,6720
8.399161121287518,0.38960381262004373,1.5091391845904925,0.009872874362766725,0.011814718524939838,0.016286803911074208,5e-05,3451392,6740
6.801233807106258,0.32996011879295106,1.3327230282738647,0.008912655018340647,0.010337907665719593,0.014254072771693094,5e-05,3461632,6760
7.733942764194533,0.4863288341090085,1.9329965853430415,0.008092965899066709,0.009229997711559924,0.012988791455074443,5e-05,3471872,6780
9.78733725743622,0.5173106161877511,2.0217193433972254,0.009179396620031382,0.010585699543565051,0.014400734639100233,5e-05,3482112,6800
8.213601535172668,0.4321485593914984,1.6696826408578171,0.008303814146498622,0.009467033918090853,0.013357792796496886,5e-05,3492352,6820
7.645308728283912,0.48897675117477796,1.9266225651657038,0.007979840321215542,0.009279893897877629,0.012816124171225074,5e-05,3502592,6840
8.977301405070543,0.5700422827154397,2.242159303745565,0.008660568741497702,0.009681560305777138,0.013548981080971035,5e-05,3512832,6860
5.755342461322929,0.25584673266857866,0.9780785073204501,0.009018945130671542,0.010177232287243253,0.014336809414511204,5e-05,3523072,6880
7.1652526966780705,0.25662245228886604,0.9947308600339203,0.00782736038719083,0.009142358824821638,0.012719444893948164,5e-05,3533312,6900
5.879005598221153,0.26970328614115713,1.0793279037734214,0.007652245198698879,0.008921538413659037,0.01218879850882852,5e-05,3543552,6920
5.730266697980152,0.27076974306255575,1.054581571983474,0.007827229762506382,0.008921999311091881,0.01250616207509891,5e-05,3553792,6940
7.30849434688276,0.40585479559376847,1.5965888882675296,0.007925282814629868,0.008990499485361425,0.012496571031535323,5e-05,3564032,6960
8.653264505129641,0.49126601535826914,1.897311379173185,0.00784168784721849,0.009050883890303434,0.01238781751366603,5e-05,3574272,6980
11.030581653263573,0.45273591484874476,1.7658330613797733,0.008346090702631207,0.009536811322743503,0.013485291535737309,5e-05,3584512,7000
5.381551106530271,0.13431423325091602,0.5079547094138782,0.008460222634626653,0.00982310583834457,0.013452098555752015,5e-05,3594752,7020
5.97754944787443,0.2868473382666707,1.1157331841686233,0.007464304012559311,0.008639825965722318,0.012038777573537567,5e-05,3604992,7040
5.581644739558656,0.2621000358834863,1.0077545169076072,0.007476728318594863,0.008540624778120983,0.011746495703139301,5e-05,3615232,7060
8.39164917769088,0.35657034115865827,1.4250029276521154,0.007781562095307025,0.00891420669362083,0.012724931399404199,5e-05,3625472,7080
6.2046344033089,0.23804732020944364,0.9407199758764274,0.007512198713045392,0.008836461094180053,0.012215691200410196,5e-05,3635712,7100
7.9870195488536035,0.4294850058853628,1.7052696194863468,0.0077148671744085755,0.009044236132349075,0.01254763594137066,5e-05,3645952,7120
8.767036290885134,0.3510631620883943,1.4153596478378845,0.007520202490567739,0.008799091640931999,0.012144422671717277,5e-05,3656192,7140
10.130585503027522,0.39970165304839606,1.5970457619600333,0.00825093725653891,0.009315040385522742,0.012791671539033276,5e-05,3666432,7160
7.003276336245932,0.3416895750910044,1.3421250976107182,0.007882545814199561,0.009209024621200984,0.01273169959119212,5e-05,3676672,7180
6.84159851688347,0.2846694447100162,1.095008447459033,0.007517929881508075,0.008889260603801219,0.01203149876889829,5e-05,3686912,7200
5.643675091662012,0.3104025851935148,1.2024788764213534,0.0072501089873691985,0.008446698477499003,0.01169431589976693,5e-05,3697152,7220
5.981504465384634,0.24094987828284511,0.9396362594627055,0.007860046290962009,0.009059633483842746,0.012728209252987814,5e-05,3707392,7240
6.279932758838794,0.22838613716885448,0.8819405480151605,0.007693025769107795,0.008714596525832964,0.01247300247866671,5e-05,3717632,7260
6.617102280491307,0.2669377997517586,1.04602652494413,0.007109546851954529,0.00835491129785688,0.011459903061154112,5e-05,3727872,7280
7.548360927190385,0.41345829796046013,1.641626775404105,0.007388479919700517,0.008436013569291027,0.011623588008057744,5e-05,3738112,7300
11.740517141802322,0.515409573726356,2.0619252285651686,0.008652169033663181,0.010172561473462354,0.013787149180144486,5e-05,3748352,7320
8.354446266600384,0.3325815360993146,1.3607032426966803,0.00884293844485628,0.01039652869331403,0.014587896245432027,5e-05,3758592,7340
10.03440552713596,0.4611750217154622,1.7769002566705299,0.007941699454638906,0.009253994577927173,0.012597842884025575,5e-05,3768832,7360
5.691590140772663,0.19962544031441215,0.7806991640004008,0.007906137954194583,0.009036771819065805,0.012481146481165151,5e-05,3779072,7380
9.020924635695074,0.351815097220242,1.3605457700686532,0.008188466450732946,0.009519431632775207,0.013095127937373515,5e-05,3789312,7400
6.112269286666325,0.19618009487166999,0.7661941788605623,0.007708975990679772,0.0089102133788231,0.012248935359484977,5e-05,3799552,7420
9.734819719739276,0.47813188098371023,1.9209243387073995,0.007528856814473227,0.008650895866364458,0.01200629137322387,5e-05,3809792,7440
9.024224969485257,0.35575559344142665,1.3918224496697154,0.0077591048808491846,0.00887308137926675,0.012315757277086857,5e-05,3820032,7460
12.412119409165697,0.48161695078015326,1.8794513359019045,0.007533541974863826,0.008638079701467277,0.011891028838066616,5e-05,3830272,7480
10.999403681926289,0.4411870354786515,1.7451626859077456,0.00898361202466418,0.010414888114556386,0.014432522178050394,5e-05,3840512,7500
6.987883552895456,0.23324111597612504,0.9069716820009002,0.008462767128580921,0.009708445586978634,0.013431464797514947,5e-05,3850752,7520
10.417806157166737,0.4443342721089721,1.7494896516053542,0.007749223383235086,0.008961586715368572,0.01243014140480351,5e-05,3860992,7540
8.794820744037354,0.28849530396983025,1.112616846481858,0.00768856001239119,0.009068878362767168,0.012490278201634715,5e-05,3871232,7560
7.750041128697237,0.3163404239341617,1.2157589800069535,0.007556085020245398,0.008708200481793792,0.012102558826672806,5e-05,3881472,7580
9.432742602717038,0.3371374066919088,1.3319132793748103,0.00855659147039316,0.010042255820643881,0.01393022745923438,5e-05,3891712,7600
6.753059005215338,0.30515456069260827,1.1985554184226637,0.0077844767218277905,0.008954710060970756,0.012311716727492011,5e-05,3901952,7620
8.682240922579178,0.4226170221343637,1.665466681575862,0.007582125838592996,0.008964214247918838,0.01219142506014821,5e-05,3912192,7640
9.863107350636213,0.3937803428620099,1.5244085715132272,0.007759476223733585,0.009005220179055392,0.012666510385462978,5e-05,3922432,7660
8.09328330910797,0.32627126481384033,1.2858143564016196,0.007866153454413896,0.00903580123576796,0.012795696081449714,5e-05,3932672,7680
6.915849354031448,0.33149557281285524,1.2607905138285713,0.007245657010192467,0.008630919606023846,0.011713442936353412,5e-05,3942912,7700
6.604532845535008,0.2495075254701078,0.9392603928227459,0.007291418045982523,0.008400791939567963,0.011583099705282608,5e-05,3953152,7720
6.881843108696467,0.2532843692228198,0.9724385539427653,0.0071800745614718315,0.008220833965579289,0.01143159737938461,5e-05,3963392,7740
8.944569826307925,0.2865578353404999,1.112270237166179,0.007381966601532318,0.008495275398037936,0.011675346332353273,5e-05,3973632,7760
4.359458603772788,0.16104485942050814,0.623187178930517,0.007080868266063472,0.008157601525181225,0.011335613149016663,5e-05,3983872,7780
8.292629475363748,0.31721187010407453,1.2595371871216632,0.00706494428220664,0.008155535507506903,0.011152668988543056,5e-05,3994112,7800
6.169182495120114,0.12412163186818363,0.46742640409358827,0.0076647112533769135,0.008967614574661121,0.01207592516927171,5e-05,4004352,7820
7.491558782645298,0.23476092191413045,0.8960678630189092,0.007689252767619777,0.008957414849144927,0.012095664456876513,5e-05,4014592,7840
6.283580624101785,0.26359861120581624,1.0172135184023374,0.007558290640687351,0.008694376501577382,0.012234169672196168,5e-05,4024832,7860
8.034079573669947,0.32349905045703053,1.255777547414842,0.007248325518904122,0.008225553432467515,0.011589124140539867,5e-05,4035072,7880
4.833146972292955,0.07353514935821295,0.26413629424753154,0.007781599508987342,0.008829512531248345,0.012287519203413842,5e-05,4045312,7900
8.366509430191924,0.25162897873669865,0.9679961241398584,0.007363291380850449,0.008403710216339861,0.011956662898532757,5e-05,4055552,7920
11.138237921004025,0.42433550413697957,1.6406807591805788,0.00817931933007534,0.009175035703943353,0.012639859132879168,5e-05,4065792,7940
7.999312228406462,0.2813190497457981,1.109938649953999,0.008072824357693055,0.009525050571416825,0.012750890360351834,5e-05,4076032,7960
8.626113456092927,0.2947983266785742,1.1924002468467312,0.007293971962299035,0.00824140464371505,0.01150635209528855,5e-05,4086272,7980
10.179707834880173,0.47133433651179046,1.8264357503145385,0.008106140155054767,0.009408834895539056,0.01306154032854024,5e-05,4096512,8000
5.77027390909028,0.22949051819741728,0.8749546026741101,0.008032882726918007,0.009315063246763145,0.012794734733179223,5e-05,4106752,8020
7.407818230931529,0.24663724862039085,0.9579927887355172,0.007599365548503348,0.00848840445598512,0.012052301723492809,5e-05,4116992,8040
8.352293396240222,0.30058789830654853,1.2123391428072483,0.00841046285877091,0.009907816997782653,0.013533603022331099,5e-05,4127232,8060
8.256455005235365,0.3333039943128823,1.2896494376266687,0.007081246912820958,0.008235970532365473,0.011403707355796721,5e-05,4137472,8080
9.114074857223644,0.4218576586805284,1.7002020748607811,0.007249480829018819,0.008168626388423795,0.011410485262358685,5e-05,4147712,8100
9.687161658518448,0.488558459095657,1.9259400850798896,0.008092526547223262,0.009492848852318212,0.013095033254006837,5e-05,4157952,8120
7.976522288489674,0.24139296468347318,0.9494710011617996,0.007410682867413875,0.008438690235060116,0.011572784805648212,5e-05,4168192,8140
6.225804527070128,0.2538703212514519,0.9808534554991798,0.006993096119633173,0.008186760373109909,0.01121965845103831,5e-05,4178432,8160
9.128586727530237,0.2771553411148489,1.098921388930396,0.007236314187917123,0.008165675306689777,0.01133662443752716,5e-05,4188672,8180
8.247992946089171,0.28824113141745333,1.1300933369917072,0.007562846871372588,0.008631481505725172,0.011890111138915378,5e-05,4198912,8200
7.149016802702435,0.26648629866540424,1.0674024954457642,0.007189107315563682,0.008120898460700165,0.011439135584282115,5e-05,4209152,8220
7.043024018952997,0.32197655662894253,1.2640444216085132,0.0070139850921113476,0.007983407660257005,0.01121739031838411,5e-05,4219392,8240
6.575028517477616,0.19607834918424485,0.7424751025191122,0.006823788652925547,0.007758882157884623,0.01087796538603831,5e-05,4229632,8260
9.68714690974876,0.38493150621652594,1.4852946655070114,0.006879289290042673,0.007883854270376144,0.010812321934519357,5e-05,4239872,8280
7.389654562990166,0.23274043574929237,0.9244181049587988,0.006937690965853764,0.008056513203434614,0.011202745899645788,5e-05,4250112,8300
7.3754373418539885,0.20275283409282568,0.7924845927234803,0.007512377485778938,0.008283421786735357,0.011866591118438406,5e-05,4260352,8320
7.899584721512038,0.23352253241464493,0.9033115202149985,0.007597457429635523,0.008577665353764294,0.012142843835714998,5e-05,4270592,8340
9.402803259644605,0.3331131124868989,1.2589683770251172,0.007446655158629828,0.008628066919724037,0.011563332233496156,5e-05,4280832,8360
8.303895577909108,0.30723527632653713,1.1900682638741025,0.00829805068608306,0.009320347339576136,0.012923328604485296,5e-05,4291072,8380
8.31311522604287,0.20305145680904388,0.7564779530825521,0.00872231130395051,0.009927064169277945,0.014262490263072528,5e-05,4301312,8400
8.686671972974178,0.3413581270724535,1.3564399381416465,0.007678282698297365,0.00919412378678277,0.01259679639568697,5e-05,4311552,8420
4.58838177181044,0.15898179551586508,0.5999250651890463,0.006942618135771432,0.00799684668864217,0.010969600219120796,5e-05,4321792,8440
9.378714719978284,0.2794590765610338,1.106605578011827,0.007243475570060065,0.008128969562190405,0.011625357211584433,5e-05,4332032,8460
7.747782250731844,0.250370723195374,0.9702635976904724,0.007809748730951438,0.00893570793267006,0.01233240728268024,5e-05,4342272,8480
6.776656693426594,0.20823792479932313,0.8154870603288685,0.006767989646644148,0.007764978796183778,0.010837573892728748,5e-05,4352512,8500
5.574423963282972,0.18047690428793428,0.6994708117281677,0.006394812968535184,0.0072414372708937205,0.01018237032797665,5e-05,4362752,8520
5.4415357566247735,0.10624286048114298,0.4070658608346014,0.006697786135984891,0.007479559466360375,0.01052088594999921,5e-05,4372992,8540
8.520125911196095,0.2719445208087564,1.0401884091074916,0.00698917477622784,0.007839656061128108,0.011045106521083257,5e-05,4383232,8560
6.249060270437036,0.16698481971397994,0.63919022543505,0.007008200288924183,0.007830210413825126,0.010937360250307858,5e-05,4393472,8580
7.260308450546653,0.25783585486933586,0.990416657953201,0.006541029908286156,0.007450041904719385,0.01009230271976994,5e-05,4403712,8600
3.4113091520661927,0.07563597681000832,0.27486794241072693,0.0063230566427440165,0.007401608354672013,0.010192499609142416,5e-05,4413952,8620
5.957897662859724,0.19467064691707492,0.771546421712674,0.006207581774527409,0.007056002897622532,0.009921919689343393,5e-05,4424192,8640
11.080918183607967,0.3415749082341791,1.350549773300838,0.006790187762518022,0.007752707180485311,0.01074424378477745,5e-05,4434432,8660
11.154397271776872,0.48330967891961346,1.9259661236287722,0.007296659595914206,0.008478971173741452,0.011662552584612532,5e-05,4444672,8680
7.339339655027027,0.2843030844815075,1.124674717807204,0.00735528782658035,0.008387502710944723,0.011526816497432443,5e-05,4454912,8700
6.301216281723134,0.18150941170752047,0.7250838766611638,0.007201756556331547,0.007797525481160803,0.01114025978557983,5e-05,4465152,8720
6.867854432129813,0.2215714302845299,0.880636381449554,0.006684621606870129,0.007679090067011918,0.010450844511259877,5e-05,4475392,8740
5.033062168196824,0.1666792780160904,0.634344990732645,0.006164143831767784,0.0069957407471735525,0.009907005167491222,5e-05,4485632,8760
6.598516409104298,0.1675864251330495,0.6707971373782108,0.0065095325760718,0.00724380274954554,0.009875612553838278,5e-05,4495872,8780
8.2959838689742,0.25146613046526906,0.9535243317028903,0.006674947973829961,0.007430814295537475,0.010452779149708477,5e-05,4506112,8800
8.157793567272606,0.27844672538340093,1.1210513768399082,0.007178189180656818,0.007992004810116101,0.011383353317876968,5e-05,4516352,8820
7.781976826294397,0.24836413655430076,0.968578521399375,0.00695861572674946,0.007725892779498765,0.010612313267739999,5e-05,4526592,8840
9.71500407625636,0.34100621901452527,1.321840234790319,0.007419584227936575,0.008623851665837684,0.011774689285102953,5e-05,4536832,8860
9.398895684132924,0.2853798225522041,1.1315842642598197,0.007502868141273219,0.008525890443151048,0.011915268035509597,5e-05,4547072,8880
8.592117717444502,0.22362106768414383,0.8673030074669092,0.007614444424314682,0.008366507681385561,0.011860216411469345,5e-05,4557312,8900
7.045830531662162,0.1701978465542197,0.6544184707813004,0.006802496709077063,0.007880933508991378,0.01090408283880231,5e-05,4567552,8920
7.383088009547551,0.22303938884288074,0.8731228044558839,0.006325559772486844,0.007019848478998107,0.009797480421714,5e-05,4577792,8940
8.201553645418228,0.20216134469956154,0.7880833799539362,0.006435316156906395,0.00725792343172901,0.0102774511460984,5e-05,4588032,8960
8.019872445973485,0.24501303508877764,0.9252455641598751,0.006871417675549271,0.007746604310806149,0.010753936233286195,5e-05,4598272,8980
7.368788502337132,0.21328963506966825,0.8547287610529397,0.00652457047083373,0.00732957498325357,0.010088860420937996,5e-05,4608512,9000
11.982736871197925,0.341140889748931,1.3496521080867188,0.007024982976879916,0.007940024707630047,0.010910887299425947,5e-05,4618752,9020
7.808662349627334,0.21950999675318597,0.8367228969861079,0.007343224515652488,0.008521821834719348,0.01195716412424415,5e-05,4628992,9040
6.977631290985879,0.2324353216215968,0.9263023480245789,0.006735080272711308,0.007853812229095454,0.011145309204139753,5e-05,4639232,9060
6.072873081219442,0.20123067405074838,0.7689055882197517,0.006706279318587489,0.007557716476212778,0.010499768940891696,5e-05,4649472,9080
7.031886209105139,0.14803682789206507,0.5726815280996452,0.006667486732745125,0.007421176445092017,0.010455964744005057,5e-05,4659712,9100
10.397663109002488,0.30289892964065074,1.2096145889278207,0.006722110239988193,0.00764391040167618,0.010561300869012946,5e-05,4669952,9120
8.40757856825732,0.2333359306678176,0.9184449196941531,0.006914726497401833,0.007970476271728106,0.010943585056359364,5e-05,4680192,9140
7.860674117430004,0.21453329045325517,0.842988855874702,0.0067459161610990415,0.007638215688651158,0.0105346645274806,5e-05,4690432,9160
5.387221029772399,0.16828299546614292,0.675938814277429,0.0065095436939311534,0.007396711890039376,0.010555547194926736,5e-05,4700672,9180
4.4307223516298775,0.10722302347421646,0.4145411740399862,0.0063571540018574745,0.007153558649215508,0.009896825345657426,5e-05,4710912,9200
6.304665739861366,0.16644776593893765,0.6484199282612388,0.006008544411987641,0.006832685729705723,0.00948155723490764,5e-05,4721152,9220
9.486507164983443,0.2592894291505217,1.0087110308735237,0.006577129710781554,0.007653621572988224,0.010760563562504221,5e-05,4731392,9240
8.931996414097444,0.31692742370069016,1.2370491427258277,0.006643431611296921,0.007444760508663659,0.010410468174253316,5e-05,4741632,9260
8.885422662213962,0.26301531251519916,1.00611504758391,0.006668661011735837,0.007685714491970869,0.010601783656903702,5e-05,4751872,9280
8.794345268803843,0.2162945291027427,0.8075958257942257,0.007344527389952419,0.00825514645366528,0.011382068886079337,5e-05,4762112,9300
3.6405552466671884,0.1022170533426106,0.37802606595218075,0.00692626685008971,0.008193896612624242,0.01112711095899708,5e-05,4772352,9320
4.470736629175784,0.17495093420147895,0.6806795704705676,0.0062826441668808975,0.007179523110490223,0.009821293237538966,5e-05,4782592,9340
8.39329183006539,0.2538292270153761,1.002418748952687,0.006275483040322011,0.007157551139170814,0.009972887085863838,5e-05,4792832,9360
5.530523872999247,0.17785256523638965,0.6812964328534097,0.006283416116109963,0.007165245106769778,0.009767659197070558,5e-05,4803072,9380
6.677149347860101,0.1731142919510603,0.6756787461123943,0.00636138127401899,0.0071001643720329305,0.009878558206950435,5e-05,4813312,9400
5.196048930101326,0.13000301495194433,0.48637245959397785,0.006352671034639827,0.007335648673127426,0.009968262845798145,5e-05,4823552,9420
8.787059364402669,0.2194589851424098,0.8415843171719347,0.006020714956400469,0.006877954352335399,0.00967714583039779,5e-05,4833792,9440
11.193389654021919,0.31790148448199035,1.2475601351345915,0.007071715647674275,0.007953012179306029,0.01099085548633673,5e-05,4844032,9460
7.627670058555259,0.22590006031095983,0.8646070104096664,0.008085892488813293,0.00928531213528374,0.012650810889196173,5e-05,4854272,9480
7.42106670301877,0.22222415637224913,0.864621913227711,0.006493824771415818,0.0074926253164957265,0.010221945926127582,5e-05,4864512,9500
11.149253599403663,0.34392496822401875,1.3366746988197233,0.006958094831726416,0.007806363448562153,0.010709759399926529,5e-05,4874752,9520
5.8106387455617385,0.17404660806059838,0.6793312694773306,0.007070210263130169,0.008108722170847397,0.011339493424987437,5e-05,4884992,9540
6.495421731569863,0.19309105351567263,0.7442369911117371,0.006477225776213928,0.007475611119553649,0.010236208524530862,5e-05,4895232,9560
4.817443305867857,0.12911101914942263,0.5110595048542248,0.00596314464677218,0.0068002920137935075,0.009621231184687756,5e-05,4905472,9580
7.744746100941828,0.21557014901191,0.8391672143384422,0.005891529637832165,0.006578124844767502,0.009308332777535214,5e-05,4915712,9600
8.661629764945241,0.254789440240711,1.016382166582301,0.0058767462046444945,0.006568431698477838,0.009318827872781888,5e-05,4925952,9620
10.623688894150817,0.2956261401996016,1.163193526239948,0.007153514663617625,0.008344493296656688,0.011106985441425403,5e-05,4936192,9640
9.85511039295503,0.19863409847021102,0.778074056766905,0.007927302802229839,0.008768371055591358,0.01234602493214547,5e-05,4946432,9660
4.5033282379656905,0.0970698183402419,0.36554795821225355,0.006343404973912755,0.007228451260429502,0.010169466985933542,5e-05,4956672,9680
9.372240871330197,0.26039809677749876,0.991785758561621,0.006389642868904224,0.007101615647831616,0.009802033770969571,5e-05,4966912,9700
6.572521496123169,0.1658439489081502,0.6363556878982776,0.006162733706959833,0.006995130172224937,0.009711678015861817,5e-05,4977152,9720
8.138574735761987,0.19886223431676625,0.7774736328046458,0.005943286470512638,0.006808276417701965,0.009426121887042366,5e-05,4987392,9740
9.758056282630596,0.21319564096629615,0.8331251292913792,0.00678213338281836,0.007501874424358156,0.01050374796903058,5e-05,4997632,9760
8.433043285237147,0.20104384571313857,0.7716229518005266,0.006359998246688695,0.00719867734259152,0.009990199520390897,5e-05,5007872,9780
7.808897164186234,0.1548704261891544,0.6215445754680986,0.006191845457711694,0.006875629396303194,0.00980823198925547,5e-05,5018112,9800
10.424711258818592,0.3330366699025034,1.3013525076279957,0.00640717013204361,0.007343474034483439,0.009991289916386906,5e-05,5028352,9820
7.230635906472724,0.18748624585568907,0.720343575723678,0.0065254757782834,0.007372299176065966,0.01040348086773363,5e-05,5038592,9840
7.256024566954534,0.21490997178480029,0.8473350940069772,0.006008367160198737,0.006719117433384849,0.009376509143071886,5e-05,5048832,9860
6.306971284707978,0.15027028862386946,0.5583655526088083,0.005969791722969001,0.006844979549459977,0.009380029867101876,5e-05,5059072,9880
9.49052328596981,0.2179384202696383,0.8631215097224582,0.006251532622141412,0.007065157169142025,0.010051096449880047,5e-05,5069312,9900
7.453097477110713,0.18645803118124601,0.7164336611283972,0.006442202146475513,0.007331431605527899,0.010067186145784082,5e-05,5079552,9920
5.505872856117202,0.14519191524013883,0.5458363334292968,0.0062259180826377165,0.007073223890359399,0.009807188597803735,5e-05,5089792,9940
5.386777156751077,0.1583967414684594,0.6028243425141614,0.005966877807925634,0.006628671870566899,0.009307454770469467,5e-05,5100032,9960
6.336342059211511,0.1423550933599472,0.543298175603079,0.006084855451884429,0.006841637484501751,0.009754600384133866,5e-05,5110272,9980
8.469031056309523,0.24422969035804265,0.9716889929055603,0.005914350110849716,0.006654900052675109,0.009301732104890069,5e-05,5120512,10000
8.632391983542108,0.20562033001333474,0.8176904486237145,0.006468628897724611,0.007216933720073974,0.010116914674804559,5e-05,5130752,10020
7.7937658729027355,0.20461492137983447,0.8156324099562418,0.006287523011705102,0.006881065160022984,0.009785270612713667,5e-05,5140992,10040
7.369438467764817,0.1740832681767642,0.6874931325251421,0.006088287050925101,0.006983037138551026,0.009284947364679962,5e-05,5151232,10060
7.458222906045632,0.19874601811170584,0.7756602468944315,0.006459608458472117,0.007127491055493419,0.010254036483524376,5e-05,5161472,10080
6.289209054932982,0.16472056098282337,0.6426498998527259,0.005824692800706136,0.0065417213787320036,0.009155450060348139,5e-05,5171712,10100
7.4827809090976185,0.16790637429803612,0.6397536581262935,0.006359601586353429,0.0072287298249066895,0.009953445581274208,5e-05,5181952,10120
5.4673474513200055,0.1217158967629075,0.46383872005519095,0.00572079602640099,0.006502620296571651,0.008888046463170554,5e-05,5192192,10140
7.2788628458922915,0.1443083170801401,0.5602855101617333,0.005771027717990902,0.006565152989648142,0.008952423157776241,5e-05,5202432,10160
8.101480883476968,0.21342521281912924,0.8318491438455615,0.006174548013754276,0.006942355666071582,0.009774392129996503,5e-05,5212672,10180
10.354737367324981,0.2777181689627468,1.0835502639193018,0.0065186161456783675,0.0076296578288006,0.01029340691243857,5e-05,5222912,10200
7.881207586357086,0.14249592022970317,0.5406113324856905,0.006149103016613521,0.007086245273861675,0.009680926901285447,5e-05,5233152,10220
10.53158639812426,0.2511560589075089,0.9557910346816307,0.006719061120498792,0.007591309290431192,0.01049833851392394,5e-05,5243392,10240
6.792021449431331,0.17536532599478968,0.6868781422792316,0.005930615324673412,0.006690125890325991,0.00936160277313173,5e-05,5253632,10260
8.342914367177872,0.19858879176899796,0.7643191485862717,0.005648582590257204,0.0063934340430391095,0.008854895003813921,5e-05,5263872,10280
5.318969731615363,0.16162599558010696,0.6195616066122349,0.0055976641024154394,0.006311289247655018,0.008833641322913541,5e-05,5274112,10300
6.390826418205852,0.15868438594043255,0.6172244680752039,0.005828777494694334,0.006616437410205961,0.009171536725914121,5e-05,5284352,10320
7.206288519465496,0.17568131014704705,0.6789501996736994,0.00569527111479928,0.006433534736940037,0.00882024364666392,5e-05,5294592,10340
8.994031905300595,0.16565584111958742,0.6504597349379074,0.0058715792082422134,0.0063698884588494495,0.008957658821019775,5e-05,5304832,10360
8.537941740856297,0.21140951998531818,0.8329860353776108,0.005998971899449661,0.006937345317014282,0.009446861643725277,5e-05,5315072,10380
7.390764513302386,0.2513061385601759,0.9555258351506014,0.006459855481776101,0.007409939452541814,0.010267540716958106,5e-05,5325312,10400
7.4317131849814695,0.21347630592063074,0.8378320159329924,0.006649697009112083,0.007528490597765321,0.010662837765500876,5e-05,5335552,10420
9.764305000920231,0.25633654370903963,0.9718027180699725,0.006451055087477076,0.007439649735219794,0.010198555623482942,5e-05,5345792,10440
7.558185740319301,0.19805230433121324,0.7657004915459183,0.006238319265390967,0.006895489356019543,0.009850717581798233,5e-05,5356032,10460
6.991862768139507,0.18094975780695688,0.7047414997388511,0.0059491689245162295,0.006761515999670157,0.009280991754173755,5e-05,5366272,10480
7.804456345576806,0.16775778811424968,0.6482000334700331,0.005927281550875146,0.006706295218397263,0.009401759855140327,5e-05,5376512,10500
11.462715221435465,0.26173284519463774,1.0271413473224071,0.006222187538774399,0.007028945493239657,0.009811280225701144,5e-05,5386752,10520
6.506612695344431,0.15176405226811762,0.5773558577194042,0.006528070524203837,0.007652597717839467,0.010549248905499641,5e-05,5396992,10540
6.508512748356778,0.15089614093303685,0.5790130800968255,0.00545508783054381,0.006156441392731806,0.008580879364930597,5e-05,5407232,10560
7.807263087290152,0.1556606491096318,0.6101025484225195,0.006143882594713577,0.006903629559407762,0.009665379626548133,5e-05,5417472,10580
7.67560788256653,0.15955405160784722,0.600046893680936,0.006883901108949881,0.007716918321800579,0.010814686538832208,5e-05,5427712,10600
9.865868625303962,0.2571584948338569,1.0309379055131567,0.005876647079593589,0.006712418983958863,0.009515581627297204,5e-05,5437952,10620
8.756950759551382,0.17348495470359926,0.6577381891475792,0.0071106633187115,0.008074725698315193,0.011104643995095803,5e-05,5448192,10640
11.488482039973956,0.19507252285256985,0.7560502612905243,0.007364896923765314,0.00841960089497797,0.011665329078861697,5e-05,5458432,10660
10.416251733149107,0.29169235732406373,1.1083607214133715,0.006578292896542349,0.0075998406174232775,0.010710495290268228,5e-05,5468672,10680
3.893427504070753,0.09775402685627338,0.36333761839099454,0.005808775372822642,0.00678149088688273,0.009321933685343927,5e-05,5478912,10700
6.09187623388599,0.1132541386410594,0.43966656231269563,0.005523599567006477,0.006092655735508225,0.008497449498098098,5e-05,5489152,10720
5.314909293622443,0.08624984687194229,0.31492055858922363,0.005599399255832745,0.0063075904150585275,0.00868717581983132,5e-05,5499392,10740
5.345760712582175,0.10851693684235214,0.41653536199138125,0.005444377615459075,0.0060778472004640914,0.008639364836084783,5e-05,5509632,10760
5.271498876106806,0.10447615291923285,0.4061533706287782,0.005417492227623851,0.005970286306020172,0.008499095539381357,5e-05,5519872,10780
8.565861105932694,0.1954283309169113,0.7377886949324391,0.0060157862737419575,0.0069881156274688334,0.009582291906187722,5e-05,5530112,10800
8.612153692085391,0.21106426445767282,0.8279610962554923,0.006070328462282629,0.006874407546865207,0.009457530165621751,5e-05,5540352,10820
7.581022276709822,0.2099244270473719,0.8046213945414681,0.005928318092512551,0.006753897771093681,0.009332505560294555,5e-05,5550592,10840
6.32353688529936,0.1824287382885814,0.6948949256234398,0.005599441550202915,0.006342374538407961,0.008955430902964377,5e-05,5560832,10860
8.445935840038684,0.19166516121476884,0.7566714744400316,0.005496547168204121,0.0063627768339548875,0.008686307348199869,5e-05,5571072,10880
8.413617318260211,0.164307101815939,0.6268361894464485,0.00711067584149531,0.008196142552966254,0.011379839305313532,5e-05,5581312,10900
8.902374629317077,0.1204502369277179,0.46578951208673175,0.007067378000291641,0.00809729346622628,0.011425724147932725,5e-05,5591552,10920
10.401279083315144,0.3105668777599931,1.2135840283736834,0.006294247982262149,0.007189360446573688,0.009983157131908416,5e-05,5601792,10940
7.665829851195849,0.1701555653475225,0.648230990895371,0.006053517258655853,0.006925374079890959,0.009731631128781658,5e-05,5612032,10960
9.840871154544622,0.25264857904985544,0.988680558769685,0.006282843734973336,0.007261152438990625,0.009821756245540105,5e-05,5622272,10980
5.063552326653668,0.089737501880154,0.33958651292988246,0.005950666777881979,0.006723732164156083,0.009387760649905772,5e-05,5632512,11000
7.3074356319602,0.10202149013057352,0.3876581781084488,0.005413520485008335,0.0059860928055599115,0.008459584930852556,5e-05,5642752,11020
6.887245517597319,0.12666009897366165,0.4833303345577981,0.006295558477085941,0.006833149878426551,0.00946218571874131,5e-05,5652992,11040
6.635552570358535,0.13625121824443337,0.5393920356682372,0.0068536010314140935,0.007992746525307542,0.01118009906213065,5e-05,5663232,11060
3.574766408313198,0.07948278645053507,0.30320947135987886,0.0058917214353234664,0.006651329613911609,0.008908813107806697,5e-05,5673472,11080
8.212542532678707,0.1889444360509515,0.7594043708964057,0.005342271121203666,0.006101815208126757,0.00844055707655989,5e-05,5683712,11100
10.16413836938534,0.24942125715315347,0.9695946265572851,0.005719105567316702,0.006318262871557509,0.00880804504983456,5e-05,5693952,11120
4.462643633837556,0.11952740745618934,0.46207047859888833,0.005898235928645847,0.00665885041037211,0.00950057404705106,5e-05,5704192,11140
7.346565178247574,0.1600719770416617,0.6172158842467351,0.005697504629319959,0.006334941216376064,0.0089306272749621,5e-05,5714432,11160
4.996948739323586,0.08679452314972876,0.3280720814915618,0.005269670366233936,0.005900924888676437,0.00813664752905829,5e-05,5724672,11180
6.744203004429963,0.13769885282963518,0.5312595256188912,0.005149463382462883,0.00575012407127129,0.008033609888151143,5e-05,5734912,11200
7.669575559967687,0.1562927690334618,0.6050173811655305,0.005605969646344416,0.006337701593020046,0.00886034119903958,5e-05,5745152,11220
9.610027685483365,0.17145841997116804,0.6612487075163783,0.005586196079398193,0.006329380048451502,0.008679353941014156,5e-05,5755392,11240
7.52034148727485,0.13334408365190034,0.5098560480663957,0.005975224932543011,0.006855556928521568,0.009314718539645928,5e-05,5765632,11260
7.313524734549732,0.1476787897758186,0.577880197608903,0.006333674785240143,0.007331136344129054,0.010320733064800783,5e-05,5775872,11280
6.854085926952055,0.15363685488700862,0.5992218178623164,0.005549414460739398,0.006134317044250253,0.008696274166366277,5e-05,5786112,11300
7.758293692640661,0.1964987338054925,0.7712339177399063,0.005466639864105936,0.006078974132204763,0.008599394515044427,5e-05,5796352,11320
7.295513887721838,0.13265501912683247,0.5132439717590425,0.005499765827682056,0.006087197982628467,0.008569561859411823,5e-05,5806592,11340
5.5850997133446025,0.10339612253010272,0.3961295551476184,0.005387101561057191,0.0061433458064634695,0.008383356179841185,5e-05,5816832,11360
8.846808292547442,0.21227126903831958,0.8179931002907895,0.005478776473146248,0.006324887626618167,0.008754982667371966,5e-05,5827072,11380
9.949971804578233,0.1309043314307928,0.4921378935246314,0.0065125907581286575,0.0074419275082845,0.010417224879024231,5e-05,5837312,11400
6.525283095690276,0.15030373511835937,0.5899484912446226,0.005720151498509366,0.006574024814077212,0.008969181735265324,5e-05,5847552,11420
4.676871033701071,0.08251101253554227,0.3083236292981417,0.005262826078256858,0.005992634349365337,0.008226460470627937,5e-05,5857792,11440
5.331396646645881,0.10282223476096988,0.40183447551592305,0.005027260012033794,0.005625125514797683,0.007755979647600034,5e-05,5868032,11460
4.629342206302378,0.0768353414721787,0.2941463935944113,0.005005895442519444,0.005575629361958882,0.007759161535747258,5e-05,5878272,11480
